[
  {
    "Id": "1005712",
    "ThreadId": "434254",
    "Html": "Good tool, exactly what I was looking for. Basically I do see two minor tweaks.\r<br />\n<br />\na) It'd be great if the data grid was sortable by column, so I can reorder by encoding or filename\r<br />\nb) For the encodings a select all/unselect all was great.\r<br />\n<br />\nThanks for providing your software.\r<br />\nRegards Klaus <br />\n",
    "PostedDate": "2013-02-23T11:02:23.81-08:00",
    "UserRole": null,
    "MarkedAsAnswerDate": null
  }
]