[
  {
    "Id": "1234044",
    "ThreadId": "542235",
    "Html": "I can't understand this &quot;Validate&quot; what is for.\r<br />\nDoes it modify the txt file? If the file is in the list with some &quot;ASCII&quot; or &quot;UTF-8&quot; encoding doesn't mean the file is already valid?\r<br />\nWhy should I validate???\r<br />\n:-)\r<br />\nplease provide just a minimum documentation about this, the only obscure feature of this File Encoding Checker.\r<br />\nthank you!<br />\n",
    "PostedDate": "2014-04-14T13:23:55.543-07:00",
    "UserRole": null,
    "MarkedAsAnswerDate": null
  }
]